"SampleNumber","ParameterName","Result"
"A241264","Tri-p-tolyl phosphate",44.1
"A241134","TPP",25.7
"A241137","TPP",33.9
"A241142","TPP",55.1
"A241144","TPP",95.7
"A241147","TPP",23.2
"A241149","TPP",17.7
"A241153","TPP",45.3
"A241155","TPP",24.3
"A241156","TPP",223
"A241161","TPP",60.4
"A241163","TPP",17.1
"A241166","TPP",7.59
"A241170","TPP",10.5
"A241175","TPP",27.1
"A241177","TPP",9.03
"A241181","TPP",1010
"A241184","TPP",64.2
"A241186","TPP",72.3
"A241188","TPP",24.4
"A241194","TPP",30.6
"A241196","TPP",88.7
"A241201","TPP",747
"A241203","TPP",45.9
"A241205","TPP",28.4
"A241207","TPP",18.1
"A241209","TPP",21.3
"A241213","TPP",54.2
"A241215","TPP",47.2
"A241217","TPP",43.7
"A241219","TPP",30.9
"A241221","TPP",12.4
"A241229","TPP",47.8
"A241230","TPP",35.6
"A241232","TPP",142
"A241235","TPP",24.2
"A241242","TPP",12.2
"A241248","TPP",12.5
"A241253","TPP",18.9
"A241259","TPP",62.6
"A241260","TPP",5.8
"A241263","TPP",27
"A241264","TPP",42.4
"A241266","TPP",4510
"A241270","TPP",31.6
"A241273","TPP",14.7
"A241230","2,4-Dichlorophenol",11.3
"A241151","Biphenyl",2.8
"A241194","Biphenyl",4.24
"A241201","Biphenyl",3.9
"A241270","Biphenyl",51.9
"A241194","Acenaphthene",13.4
"A241201","Acenaphthene",14.1
"A241213","Acenaphthene",9.71
"A241230","Acenaphthene",3.17
"A241235","Acenaphthene",10.6
"A241259","Acenaphthene",26.6
"A241273","Acenaphthene",5.13
"A241203","Acenaphthylene",1.6
"A241209","Alpha-Chlordane",37.6
"A241133","Anthracene",3.61
"A241137","Anthracene",14.7
"A241139","Anthracene",12.7
"A241149","Anthracene",7.44
"A241151","Anthracene",8.59
"A241153","Anthracene",13.9
"A241175","Anthracene",17.2
"A241186","Anthracene",5.67
"A241188","Anthracene",3.88
"A241201","Anthracene",33.9
"A241205","Anthracene",11.2
"A241209","Anthracene",8.67
"A241211","Anthracene",10.5
"A241213","Anthracene",38.4
"A241224","Anthracene",10.6
"A241235","Anthracene",41.9
"A241250","Anthracene",8.38
"A241256","Anthracene",6.74
"A241260","Anthracene",43.3
"A241273","Anthracene",19.1
"A241263","Benzyl alcohol",65.2
"A241134","Butyl benzyl phthalate",275
"A241139","Butyl benzyl phthalate",251
"A241142","Butyl benzyl phthalate",58.7
"A241144","Butyl benzyl phthalate",1280
"A241147","Butyl benzyl phthalate",15.5
"A241149","Butyl benzyl phthalate",42.9
"A241151","Butyl benzyl phthalate",190
"A241153","Butyl benzyl phthalate",36.1
"A241155","Butyl benzyl phthalate",108
"A241156","Butyl benzyl phthalate",81.3
"A241158","Butyl benzyl phthalate",15.6
"A241161","Butyl benzyl phthalate",119
"A241163","Butyl benzyl phthalate",97.6
"A241168","Butyl benzyl phthalate",40.6
"A241170","Butyl benzyl phthalate",33.1
"A241173","Butyl benzyl phthalate",162
"A241177","Butyl benzyl phthalate",20.3
"A241184","Butyl benzyl phthalate",111
"A241186","Butyl benzyl phthalate",870
"A241188","Butyl benzyl phthalate",71.3
"A241191","Butyl benzyl phthalate",214
"A241192","Butyl benzyl phthalate",50.6
"A241194","Butyl benzyl phthalate",163
"A241196","Butyl benzyl phthalate",502
"A241201","Butyl benzyl phthalate",69.6
"A241203","Butyl benzyl phthalate",89.9
"A241207","Butyl benzyl phthalate",41.5
"A241209","Butyl benzyl phthalate",96.5
"A241211","Butyl benzyl phthalate",36
"A241213","Butyl benzyl phthalate",271
"A241215","Butyl benzyl phthalate",111
"A241217","Butyl benzyl phthalate",17500
"A241219","Butyl benzyl phthalate",1930
"A241221","Butyl benzyl phthalate",48.7
"A241222","Butyl benzyl phthalate",94.5
"A241224","Butyl benzyl phthalate",24.5
"A241229","Butyl benzyl phthalate",135
"A241230","Butyl benzyl phthalate",123
"A241232","Butyl benzyl phthalate",858
"A241235","Butyl benzyl phthalate",274
"A241236","Butyl benzyl phthalate",90.3
"A241238","Butyl benzyl phthalate",181
"A241241","Butyl benzyl phthalate",64.5
"A241242","Butyl benzyl phthalate",48.5
"A241245","Butyl benzyl phthalate",9.09
"A241246","Butyl benzyl phthalate",54.1
"A241253","Butyl benzyl phthalate",34.7
"A241254","Butyl benzyl phthalate",61.9
"A241256","Butyl benzyl phthalate",13.6
"A241259","Butyl benzyl phthalate",96.7
"A241260","Butyl benzyl phthalate",20.9
"A241263","Butyl benzyl phthalate",31.8
"A241264","Butyl benzyl phthalate",61.1
"A241266","Butyl benzyl phthalate",132
"A241269","Butyl benzyl phthalate",50.5
"A241270","Butyl benzyl phthalate",126
"A241273","Butyl benzyl phthalate",82.1
"A241133","Bis(2-ethylhexyl)phthalate",24.8
"A241134","Bis(2-ethylhexyl)phthalate",16900
"A241137","Bis(2-ethylhexyl)phthalate",3840
"A241139","Bis(2-ethylhexyl)phthalate",9200
"A241140","Bis(2-ethylhexyl)phthalate",12000
"A241142","Bis(2-ethylhexyl)phthalate",5510
"A241144","Bis(2-ethylhexyl)phthalate",21700
"A241147","Bis(2-ethylhexyl)phthalate",897
"A241149","Bis(2-ethylhexyl)phthalate",2270
"A241151","Bis(2-ethylhexyl)phthalate",5990
"A241153","Bis(2-ethylhexyl)phthalate",4810
"A241155","Bis(2-ethylhexyl)phthalate",4650
"A241156","Bis(2-ethylhexyl)phthalate",4970
"A241158","Bis(2-ethylhexyl)phthalate",3200
"A241161","Bis(2-ethylhexyl)phthalate",19100
"A241163","Bis(2-ethylhexyl)phthalate",15900
"A241164","Bis(2-ethylhexyl)phthalate",7930
"A241166","Bis(2-ethylhexyl)phthalate",1540
"A241168","Bis(2-ethylhexyl)phthalate",4740
"A241170","Bis(2-ethylhexyl)phthalate",2330
"A241173","Bis(2-ethylhexyl)phthalate",4930
"A241175","Bis(2-ethylhexyl)phthalate",16900
"A241177","Bis(2-ethylhexyl)phthalate",10500
"A241179","Bis(2-ethylhexyl)phthalate",12000
"A241181","Bis(2-ethylhexyl)phthalate",8350
"A241184","Bis(2-ethylhexyl)phthalate",71900
"A241186","Bis(2-ethylhexyl)phthalate",7430
"A241188","Bis(2-ethylhexyl)phthalate",37000
"A241191","Bis(2-ethylhexyl)phthalate",3390
"A241192","Bis(2-ethylhexyl)phthalate",6860
"A241194","Bis(2-ethylhexyl)phthalate",49200
"A241196","Bis(2-ethylhexyl)phthalate",12000
"A241198","Bis(2-ethylhexyl)phthalate",19900
"A241203","Bis(2-ethylhexyl)phthalate",8390
"A241205","Bis(2-ethylhexyl)phthalate",4730
"A241207","Bis(2-ethylhexyl)phthalate",18100
"A241211","Bis(2-ethylhexyl)phthalate",2290
"A241213","Bis(2-ethylhexyl)phthalate",29300
"A241215","Bis(2-ethylhexyl)phthalate",10100
"A241217","Bis(2-ethylhexyl)phthalate",21000
"A241219","Bis(2-ethylhexyl)phthalate",27000
"A241221","Bis(2-ethylhexyl)phthalate",2660
"A241222","Bis(2-ethylhexyl)phthalate",1610
"A241224","Bis(2-ethylhexyl)phthalate",3930
"A241226","Bis(2-ethylhexyl)phthalate",76.7
"A241229","Bis(2-ethylhexyl)phthalate",28200
"A241230","Bis(2-ethylhexyl)phthalate",7720
"A241232","Bis(2-ethylhexyl)phthalate",16700
"A241235","Bis(2-ethylhexyl)phthalate",13400
"A241236","Bis(2-ethylhexyl)phthalate",7310
"A241238","Bis(2-ethylhexyl)phthalate",513
"A241241","Bis(2-ethylhexyl)phthalate",16800
"A241242","Bis(2-ethylhexyl)phthalate",4150
"A241245","Bis(2-ethylhexyl)phthalate",997
"A241246","Bis(2-ethylhexyl)phthalate",9510
"A241248","Bis(2-ethylhexyl)phthalate",47.1
"A241250","Bis(2-ethylhexyl)phthalate",10800
"A241253","Bis(2-ethylhexyl)phthalate",75.2
"A241254","Bis(2-ethylhexyl)phthalate",16400
"A241256","Bis(2-ethylhexyl)phthalate",440
"A241259","Bis(2-ethylhexyl)phthalate",7970
"A241263","Bis(2-ethylhexyl)phthalate",3820
"A241264","Bis(2-ethylhexyl)phthalate",4240
"A241266","Bis(2-ethylhexyl)phthalate",3070
"A241269","Bis(2-ethylhexyl)phthalate",4010
"A241270","Bis(2-ethylhexyl)phthalate",8130
"A241273","Bis(2-ethylhexyl)phthalate",13600
"A241149","1,6-Dimethylnaphthalene",2.65
"A241211","1,6-Dimethylnaphthalene",3.93
"A241151","1,2-Dimethylnaphthalene",7.79
"A241205","1,2-Dimethylnaphthalene",3.78
"A241211","1,2-Dimethylnaphthalene",4.74
"A241149","2-Methylphenanthrene",3.78
"A241175","2-Methylphenanthrene",15.6
"A241175","1-Methylpyrene",13.3
"A241140","N,N-Diethyl-m-toluamide",1490
"A241142","N,N-Diethyl-m-toluamide",202
"A241144","N,N-Diethyl-m-toluamide",3430
"A241147","N,N-Diethyl-m-toluamide",148
"A241149","N,N-Diethyl-m-toluamide",227
"A241151","N,N-Diethyl-m-toluamide",12400
"A241158","N,N-Diethyl-m-toluamide",106
"A241161","N,N-Diethyl-m-toluamide",90.6
"A241164","N,N-Diethyl-m-toluamide",862
"A241166","N,N-Diethyl-m-toluamide",36.9
"A241168","N,N-Diethyl-m-toluamide",194
"A241173","N,N-Diethyl-m-toluamide",349
"A241179","N,N-Diethyl-m-toluamide",12.3
"A241181","N,N-Diethyl-m-toluamide",83.5
"A241182","N,N-Diethyl-m-toluamide",397
"A241184","N,N-Diethyl-m-toluamide",299
"A241188","N,N-Diethyl-m-toluamide",135
"A241196","N,N-Diethyl-m-toluamide",83
"A241201","N,N-Diethyl-m-toluamide",86.6
"A241203","N,N-Diethyl-m-toluamide",71.9
"A241205","N,N-Diethyl-m-toluamide",68.9
"A241209","N,N-Diethyl-m-toluamide",311
"A241211","N,N-Diethyl-m-toluamide",29.4
"A241215","N,N-Diethyl-m-toluamide",1660
"A241217","N,N-Diethyl-m-toluamide",68.2
"A241219","N,N-Diethyl-m-toluamide",149
"A241224","N,N-Diethyl-m-toluamide",29.4
"A241229","N,N-Diethyl-m-toluamide",78.1
"A241232","N,N-Diethyl-m-toluamide",156
"A241235","N,N-Diethyl-m-toluamide",322
"A241245","N,N-Diethyl-m-toluamide",19.1
"A241246","N,N-Diethyl-m-toluamide",522
"A241248","N,N-Diethyl-m-toluamide",38.8
"A241250","N,N-Diethyl-m-toluamide",77.4
"A241253","N,N-Diethyl-m-toluamide",13.9
"A241254","N,N-Diethyl-m-toluamide",17
"A241256","N,N-Diethyl-m-toluamide",20.5
"A241259","N,N-Diethyl-m-toluamide",81.6
"A241260","N,N-Diethyl-m-toluamide",22.4
"A241263","N,N-Diethyl-m-toluamide",111
"A241264","N,N-Diethyl-m-toluamide",204
"A241266","N,N-Diethyl-m-toluamide",75.8
"A241270","N,N-Diethyl-m-toluamide",18.1
"A241273","N,N-Diethyl-m-toluamide",79.2
"A241151","2,6-Dimethylnaphthalene",9.59
"A241201","2,6-Dimethylnaphthalene",2.55
"A241266","2,6-Dimethylnaphthalene",2.35
"A241209","O-Phenylphenol",26.2
"A241133","Benzophenone",212
"A241134","Benzophenone",55.1
"A241137","Benzophenone",45.1
"A241139","Benzophenone",37.6
"A241140","Benzophenone",221
"A241142","Benzophenone",58.7
"A241144","Benzophenone",97.5
"A241147","Benzophenone",29.4
"A241149","Benzophenone",35.3
"A241151","Benzophenone",59.9
"A241153","Benzophenone",51.8
"A241155","Benzophenone",99.6
"A241158","Benzophenone",42
"A241161","Benzophenone",68.4
"A241163","Benzophenone",26.8
"A241164","Benzophenone",53.4
"A241166","Benzophenone",16.8
"A241168","Benzophenone",120
"A241170","Benzophenone",9.78
"A241173","Benzophenone",59.5
"A241175","Benzophenone",248
"A241177","Benzophenone",18.1
"A241179","Benzophenone",30.9
"A241181","Benzophenone",56.9
"A241184","Benzophenone",133
"A241186","Benzophenone",86
"A241188","Benzophenone",46
"A241192","Benzophenone",81.3
"A241194","Benzophenone",59.4
"A241196","Benzophenone",193
"A241198","Benzophenone",655
"A241201","Benzophenone",49.2
"A241203","Benzophenone",47.9
"A241205","Benzophenone",243
"A241207","Benzophenone",39.7
"A241209","Benzophenone",294
"A241211","Benzophenone",45.8
"A241213","Benzophenone",113
"A241215","Benzophenone",59.5
"A241217","Benzophenone",29.7
"A241219","Benzophenone",482
"A241221","Benzophenone",53.1
"A241222","Benzophenone",42
"A241224","Benzophenone",27.8
"A241229","Benzophenone",99.8
"A241230","Benzophenone",117
"A241235","Benzophenone",27.4
"A241236","Benzophenone",19.1
"A241238","Benzophenone",32.8
"A241241","Benzophenone",14.3
"A241246","Benzophenone",37.3
"A241248","Benzophenone",42.9
"A241250","Benzophenone",29
"A241253","Benzophenone",73.3
"A241259","Benzophenone",64.5
"A241260","Benzophenone",92.8
"A241263","Benzophenone",223
"A241264","Benzophenone",102
"A241266","Benzophenone",30.7
"A241269","Benzophenone",25.2
"A241270","Benzophenone",72.2
"A241273","Benzophenone",92.3
"A241246","Pyrimethanil",33.6
"A241142","Piperonyl butoxide",53.2
"A241259","Piperonyl butoxide",2090
"A241147","Triethyl phosphate",44.8
"A241151","Triethyl phosphate",152
"A241166","Triethyl phosphate",8.62
"A241168","Triethyl phosphate",8.35
"A241173","Triethyl phosphate",13.7
"A241181","Triethyl phosphate",12.9
"A241192","Triethyl phosphate",39.7
"A241219","Triethyl phosphate",14.1
"A241149","Carvone",40.4
"A241177","Carvone",14.3
"A241205","Thymol",13.5
"A241156","Phthalimide",16.7
"A241140","Cashmeran",51.9
"A241201","Cashmeran",33.9
"A241144","TCEP",542
"A241164","TCEP",89.6
"A241260","TCEP",11.6
"A241134","Benzyl benzoate",114
"A241137","Benzyl benzoate",124
"A241139","Benzyl benzoate",113
"A241140","Benzyl benzoate",4740
"A241142","Benzyl benzoate",67.9
"A241144","Benzyl benzoate",1570
"A241147","Benzyl benzoate",92.8
"A241149","Benzyl benzoate",126
"A241151","Benzyl benzoate",739
"A241153","Benzyl benzoate",342
"A241155","Benzyl benzoate",1900
"A241156","Benzyl benzoate",1150
"A241158","Benzyl benzoate",106
"A241161","Benzyl benzoate",525
"A241163","Benzyl benzoate",159
"A241164","Benzyl benzoate",999
"A241166","Benzyl benzoate",156
"A241168","Benzyl benzoate",117
"A241170","Benzyl benzoate",9030
"A241173","Benzyl benzoate",57.5
"A241175","Benzyl benzoate",40.6
"A241177","Benzyl benzoate",24.8
"A241179","Benzyl benzoate",21.2
"A241181","Benzyl benzoate",137
"A241182","Benzyl benzoate",523
"A241184","Benzyl benzoate",775
"A241186","Benzyl benzoate",674
"A241191","Benzyl benzoate",2710
"A241192","Benzyl benzoate",1570
"A241194","Benzyl benzoate",611
"A241196","Benzyl benzoate",1350
"A241203","Benzyl benzoate",539
"A241205","Benzyl benzoate",109
"A241207","Benzyl benzoate",343
"A241209","Benzyl benzoate",1800
"A241211","Benzyl benzoate",164
"A241213","Benzyl benzoate",497
"A241215","Benzyl benzoate",189
"A241217","Benzyl benzoate",6300
"A241219","Benzyl benzoate",3670
"A241221","Benzyl benzoate",44.3
"A241222","Benzyl benzoate",110
"A241229","Benzyl benzoate",239
"A241230","Benzyl benzoate",970
"A241232","Benzyl benzoate",2710
"A241235","Benzyl benzoate",822
"A241236","Benzyl benzoate",60.2
"A241238","Benzyl benzoate",246
"A241246","Benzyl benzoate",132
"A241248","Benzyl benzoate",138
"A241250","Benzyl benzoate",22.6
"A241253","Benzyl benzoate",23.2
"A241259","Benzyl benzoate",8160
"A241260","Benzyl benzoate",464
"A241263","Benzyl benzoate",4290
"A241264","Benzyl benzoate",221
"A241266","Benzyl benzoate",130
"A241269","Benzyl benzoate",87.6
"A241270","Benzyl benzoate",81.3
"A241273","Benzyl benzoate",235
"A241144","Exaltolide [15-Pentadecanolide]",1120
"A241186","Exaltolide [15-Pentadecanolide]",1560
"A241188","Exaltolide [15-Pentadecanolide]",289
"A241196","Exaltolide [15-Pentadecanolide]",1350
"A241217","Exaltolide [15-Pentadecanolide]",3850
"A241134","Caffeine",367
"A241139","Caffeine",1270
"A241140","Caffeine",163
"A241144","Caffeine",813
"A241149","Caffeine",151
"A241151","Caffeine",280
"A241155","Caffeine",55.3
"A241156","Caffeine",1310
"A241161","Caffeine",159
"A241164","Caffeine",165
"A241166","Caffeine",162
"A241168","Caffeine",113
"A241173","Caffeine",226
"A241175","Caffeine",1380
"A241179","Caffeine",386
"A241181","Caffeine",247
"A241182","Caffeine",523
"A241184","Caffeine",620
"A241192","Caffeine",777
"A241196","Caffeine",3280
"A241201","Caffeine",373
"A241203","Caffeine",420
"A241207","Caffeine",1730
"A241209","Caffeine",654
"A241211","Caffeine",123
"A241213","Caffeine",361
"A241217","Caffeine",192
"A241219","Caffeine",232
"A241221","Caffeine",166
"A241222","Caffeine",245
"A241224","Caffeine",152
"A241230","Caffeine",257
"A241232","Caffeine",203
"A241235","Caffeine",2580
"A241236","Caffeine",838
"A241241","Caffeine",461
"A241242","Caffeine",305
"A241245","Caffeine",67.4
"A241248","Caffeine",332
"A241250","Caffeine",274
"A241253","Caffeine",482
"A241254","Caffeine",280
"A241256","Caffeine",52.8
"A241259","Caffeine",341
"A241264","Caffeine",102
"A241266","Caffeine",939
"A241269","Caffeine",861
"A241270","Caffeine",271
"A241273","Caffeine",107
"A241133","Diisobutyl phthalate",192
"A241134","Diisobutyl phthalate",127
"A241139","Diisobutyl phthalate",627
"A241140","Diisobutyl phthalate",2010
"A241144","Diisobutyl phthalate",1440
"A241147","Diisobutyl phthalate",130
"A241149","Diisobutyl phthalate",120
"A241151","Diisobutyl phthalate",539
"A241153","Diisobutyl phthalate",213
"A241155","Diisobutyl phthalate",398
"A241156","Diisobutyl phthalate",519
"A241158","Diisobutyl phthalate",42
"A241161","Diisobutyl phthalate",334
"A241164","Diisobutyl phthalate",241
"A241166","Diisobutyl phthalate",115
"A241168","Diisobutyl phthalate",316
"A241170","Diisobutyl phthalate",135
"A241173","Diisobutyl phthalate",369
"A241177","Diisobutyl phthalate",143
"A241179","Diisobutyl phthalate",617
"A241181","Diisobutyl phthalate",228
"A241182","Diisobutyl phthalate",418
"A241186","Diisobutyl phthalate",2350
"A241188","Diisobutyl phthalate",415
"A241191","Diisobutyl phthalate",117
"A241192","Diisobutyl phthalate",271
"A241194","Diisobutyl phthalate",475
"A241196","Diisobutyl phthalate",907
"A241198","Diisobutyl phthalate",339
"A241201","Diisobutyl phthalate",933
"A241203","Diisobutyl phthalate",679
"A241207","Diisobutyl phthalate",361
"A241209","Diisobutyl phthalate",1800
"A241211","Diisobutyl phthalate",85.1
"A241213","Diisobutyl phthalate",1400
"A241215","Diisobutyl phthalate",98.5
"A241217","Diisobutyl phthalate",262
"A241219","Diisobutyl phthalate",1850
"A241221","Diisobutyl phthalate",206
"A241222","Diisobutyl phthalate",175
"A241224","Diisobutyl phthalate",425
"A241229","Diisobutyl phthalate",673
"A241230","Diisobutyl phthalate",1250
"A241232","Diisobutyl phthalate",361
"A241235","Diisobutyl phthalate",484
"A241236","Diisobutyl phthalate",516
"A241238","Diisobutyl phthalate",115
"A241241","Diisobutyl phthalate",530
"A241242","Diisobutyl phthalate",651
"A241245","Diisobutyl phthalate",98.2
"A241246","Diisobutyl phthalate",6720
"A241248","Diisobutyl phthalate",2770
"A241250","Diisobutyl phthalate",371
"A241253","Diisobutyl phthalate",270
"A241254","Diisobutyl phthalate",499
"A241256","Diisobutyl phthalate",104
"A241259","Diisobutyl phthalate",967
"A241260","Diisobutyl phthalate",1700
"A241263","Diisobutyl phthalate",477
"A241264","Diisobutyl phthalate",1560
"A241266","Diisobutyl phthalate",704
"A241269","Diisobutyl phthalate",123
"A241270","Diisobutyl phthalate",187
"A241273","Diisobutyl phthalate",322
"A241139","Tonalide",0.63
"A241140","Tonalide",92.6
"A241144","Tonalide",61.4
"A241149","Tonalide",1.13
"A241156","Tonalide",72.2
"A241161","Tonalide",191
"A241164","Tonalide",6.55
"A241166","Tonalide",36.9
"A241181","Tonalide",1.14
"A241182","Tonalide",46
"A241186","Tonalide",23.5
"A241188","Tonalide",3.43
"A241192","Tonalide",28.9
"A241196","Tonalide",27
"A241201","Tonalide",56
"A241209","Tonalide",83.4
"A241215","Tonalide",30.8
"A241219","Tonalide",17
"A241221","Tonalide",35.4
"A241222","Tonalide",21
"A241229","Tonalide",202
"A241230","Tonalide",37.6
"A241232","Tonalide",316
"A241235","Tonalide",25.8
"A241238","Tonalide",101
"A241248","Tonalide",8.31
"A241259","Tonalide",4170
"A241260","Tonalide",13.9
"A241263","Tonalide",254
"A241264","Tonalide",9.33
"A241266","Tonalide",1.99
"A241269","Tonalide",17.8
"A241273","Tonalide",2.05
"A241192","Triclosan",25.3
"A241133","Di-n-hexyl phthalate",406
"A241149","Tris(2-butoxyethyl) phosphate",60.5
"A241155","Tris(2-butoxyethyl) phosphate",1080
"A241196","Tris(2-butoxyethyl) phosphate",617
"A241232","Tris(2-butoxyethyl) phosphate",1990
"A241238","Tris(2-butoxyethyl) phosphate",287
"A241246","Tris(2-butoxyethyl) phosphate",280
"A241264","Tris(2-butoxyethyl) phosphate",356
"A241273","Tris(2-butoxyethyl) phosphate",161
"A241232","Tricresylphosphate, meta-",22.1
"A241232","Ethofenprox",316
"A241149","Di-n-nonyl phthalate",44.1
"A241153","Di-n-nonyl phthalate",38.9
"A241161","Di-n-nonyl phthalate",270
"A241164","Di-n-nonyl phthalate",103
"A241170","Di-n-nonyl phthalate",27.1
"A241182","Di-n-nonyl phthalate",502
"A241184","Di-n-nonyl phthalate",1330
"A241186","Di-n-nonyl phthalate",283
"A241196","Di-n-nonyl phthalate",347
"A241217","Di-n-nonyl phthalate",138
"A241236","Di-n-nonyl phthalate",101
"A241241","Di-n-nonyl phthalate",71.4
"A241253","Di-n-nonyl phthalate",100
"A241254","Di-n-nonyl phthalate",36
"A241266","Di-n-nonyl phthalate",181
"A241270","Di-n-nonyl phthalate",214
"A241273","Di-n-nonyl phthalate",54.2
"A241151","Methoprene II",1300
"A241149","Permethrin II",74.4
"A241186","Permethrin II",27.4
"A241188","Permethrin II",75.8
"A241229","Permethrin II",23.9
"A241246","Permethrin II",41
"A241250","Permethrin II",66.1
"A241273","Cyfluthrin II",144
"A241133","TCPP",45.1
"A241134","TCPP",44
"A241140","TCPP",133
"A241142","TCPP",73.4
"A241144","TCPP",199
"A241147","TCPP",94.3
"A241153","TCPP",90.7
"A241155","TCPP",443
"A241158","TCPP",49.9
"A241161","TCPP",223
"A241164","TCPP",172
"A241168","TCPP",58.7
"A241173","TCPP",677
"A241177","TCPP",50.4
"A241181","TCPP",34.1
"A241186","TCPP",53.7
"A241188","TCPP",47
"A241192","TCPP",307
"A241203","TCPP",240
"A241207","TCPP",54.2
"A241217","TCPP",152
"A241219","TCPP",133
"A241221","TCPP",175
"A241222","TCPP",45.5
"A241229","TCPP",52.1
"A241230","TCPP",105
"A241232","TCPP",183
"A241235","TCPP",24.2
"A241236","TCPP",94.6
"A241246","TCPP",20.5
"A241250","TCPP",108
"A241253","TCPP",170
"A241254","TCPP",28
"A241259","TCPP",112
"A241260","TCPP",77.3
"A241264","TCPP",134
"A241269","TCPP",25.2
"A241273","TCPP",74.8
"A241198","4-Chlorophenol",27.1
"A241219","4-Chlorophenol",11.4
"A241134","Galaxolide",51.4
"A241137","Galaxolide",108
"A241139","Galaxolide",23
"A241140","Galaxolide",1150
"A241142","Galaxolide",844
"A241144","Galaxolide",217
"A241147","Galaxolide",29.4
"A241149","Galaxolide",65.6
"A241151","Galaxolide",188
"A241155","Galaxolide",175
"A241156","Galaxolide",406
"A241158","Galaxolide",28
"A241161","Galaxolide",636
"A241163","Galaxolide",86.6
"A241164","Galaxolide",1720
"A241166","Galaxolide",205
"A241168","Galaxolide",208
"A241173","Galaxolide",51.3
"A241179","Galaxolide",12.7
"A241181","Galaxolide",190
"A241182","Galaxolide",5430
"A241184","Galaxolide",1110
"A241186","Galaxolide",244
"A241188","Galaxolide",623
"A241191","Galaxolide",722
"A241192","Galaxolide",175
"A241194","Galaxolide",1050
"A241196","Galaxolide",598
"A241198","Galaxolide",3160
"A241201","Galaxolide",4070
"A241203","Galaxolide",136
"A241205","Galaxolide",243
"A241207","Galaxolide",161
"A241209","Galaxolide",262
"A241211","Galaxolide",88.3
"A241213","Galaxolide",1060
"A241215","Galaxolide",205
"A241217","Galaxolide",7000
"A241219","Galaxolide",102
"A241221","Galaxolide",952
"A241222","Galaxolide",33.2
"A241224","Galaxolide",474
"A241229","Galaxolide",586
"A241230","Galaxolide",238
"A241232","Galaxolide",1260
"A241235","Galaxolide",1000
"A241236","Galaxolide",36.5
"A241238","Galaxolide",1350
"A241242","Galaxolide",80.3
"A241246","Galaxolide",33.6
"A241248","Galaxolide",138
"A241253","Galaxolide",21.2
"A241259","Galaxolide",10600
"A241260","Galaxolide",263
"A241263","Galaxolide",10000
"A241264","Galaxolide",170
"A241266","Galaxolide",163
"A241269","Galaxolide",135
"A241273","Galaxolide",220
"A241133","Ethylene brassylate (Musk NN)",196
"A241137","Ethylene brassylate (Musk NN)",124
"A241139","Ethylene brassylate (Musk NN)",1440
"A241142","Ethylene brassylate (Musk NN)",1600
"A241144","Ethylene brassylate (Musk NN)",939
"A241156","Ethylene brassylate (Musk NN)",1630
"A241161","Ethylene brassylate (Musk NN)",2230
"A241163","Ethylene brassylate (Musk NN)",464
"A241164","Ethylene brassylate (Musk NN)",81
"A241166","Ethylene brassylate (Musk NN)",92.3
"A241173","Ethylene brassylate (Musk NN)",49.3
"A241181","Ethylene brassylate (Musk NN)",531
"A241182","Ethylene brassylate (Musk NN)",2510
"A241184","Ethylene brassylate (Musk NN)",2430
"A241188","Ethylene brassylate (Musk NN)",199
"A241191","Ethylene brassylate (Musk NN)",993
"A241192","Ethylene brassylate (Musk NN)",289
"A241194","Ethylene brassylate (Musk NN)",272
"A241196","Ethylene brassylate (Musk NN)",656
"A241198","Ethylene brassylate (Musk NN)",519
"A241201","Ethylene brassylate (Musk NN)",33900
"A241203","Ethylene brassylate (Musk NN)",260
"A241205","Ethylene brassylate (Musk NN)",1080
"A241207","Ethylene brassylate (Musk NN)",1160
"A241213","Ethylene brassylate (Musk NN)",700
"A241215","Ethylene brassylate (Musk NN)",6570
"A241217","Ethylene brassylate (Musk NN)",131000
"A241219","Ethylene brassylate (Musk NN)",106
"A241224","Ethylene brassylate (Musk NN)",4580
"A241229","Ethylene brassylate (Musk NN)",260
"A241230","Ethylene brassylate (Musk NN)",143
"A241232","Ethylene brassylate (Musk NN)",519
"A241235","Ethylene brassylate (Musk NN)",8870
"A241236","Ethylene brassylate (Musk NN)",774
"A241238","Ethylene brassylate (Musk NN)",1760
"A241242","Ethylene brassylate (Musk NN)",845
"A241245","Ethylene brassylate (Musk NN)",22
"A241246","Ethylene brassylate (Musk NN)",35.4
"A241248","Ethylene brassylate (Musk NN)",623
"A241259","Ethylene brassylate (Musk NN)",4170
"A241260","Ethylene brassylate (Musk NN)",371
"A241263","Ethylene brassylate (Musk NN)",2540
"A241264","Ethylene brassylate (Musk NN)",458
"A241266","Ethylene brassylate (Musk NN)",139
"A241269","Ethylene brassylate (Musk NN)",105
"A241273","Ethylene brassylate (Musk NN)",191
"A241144","Linalool",199
"A241151","Linalool",71.9
"A241155","Linalool",70.8
"A241156","Linalool",54.2
"A241181","Linalool",30.4
"A241191","Linalool",212
"A241192","Linalool",32.5
"A241198","Linalool",72.2
"A241238","Linalool",903
"A241253","Linalool",34.7
"A241263","Linalool",270
"A241264","Linalool",161
"A241273","Linalool",29.3
"A241156","B-citronellol",226
"A241161","B-citronellol",149
"A241163","B-citronellol",41.5
"A241179","B-citronellol",34.7
"A241248","B-citronellol",38.8
"A241253","B-citronellol",25.1
"A241263","B-citronellol",238
"A241140","Coumarin",185
"A241161","Coumarin",102
"A241182","Coumarin",66.9
"A241191","Coumarin",99.3
"A241213","Coumarin",124
"A241219","Coumarin",42.4
"A241229","Coumarin",34.7
"A241232","Coumarin",65.5
"A241259","Coumarin",455
"A241263","Coumarin",159
"A241269","Coumarin",22.3
"A241139","Citral A",10.2
"A241144","Citral A",54.2
"A241181","Citral A",45.5
"A241186","Citral A",71.3
"A241209","Citral A",86.7
"A241215","Citral A",82.1
"A241219","Citral A",73.3
"A241230","Citral A",91.1
"A241238","Citral A",328
"A241254","Citral A",61.9
"A241161","Anisyl alcohol",28.6
"A241230","Benzyl cinnamate",317
"A241156","Amyl cinnamal",36.1
"A241164","Amyl cinnamal",36.2
"A241198","Amyl cinnamal",587
"A241209","Amyl cinnamal",21.3
"A241213","Amyl cinnamal",160
"A241229","Amyl cinnamal",43.4
"A241232","Amyl cinnamal",361
"A241269","Amyl cinnamal",17.8
"A241140","B-Ionone",74.5
"A241144","B-Ionone",39.7
"A241161","B-Ionone",223
"A241181","B-Ionone",41.7
"A241182","B-Ionone",314
"A241194","B-Ionone",61.1
"A241196","B-Ionone",714
"A241198","B-Ionone",144
"A241201","B-Ionone",187
"A241217","B-Ionone",98
"A241232","B-Ionone",60.9
"A241238","B-Ionone",2870
"A241259","B-Ionone",85.4
"A241263","B-Ionone",270
"A241144","A-Ionone",83.1
"A241191","A-Ionone",316
"A241238","A-Ionone",63.6
"A241161","Geraniol",223
"A241133","Benzyl salicylate",248
"A241134","Benzyl salicylate",202
"A241139","Benzyl salicylate",62.7
"A241140","Benzyl salicylate",1020
"A241142","Benzyl salicylate",440
"A241144","Benzyl salicylate",2890
"A241147","Benzyl salicylate",11.4
"A241149","Benzyl salicylate",30.3
"A241151","Benzyl salicylate",106
"A241155","Benzyl salicylate",90.7
"A241156","Benzyl salicylate",2710
"A241158","Benzyl salicylate",47.9
"A241161","Benzyl salicylate",588
"A241163","Benzyl salicylate",244
"A241164","Benzyl salicylate",896
"A241166","Benzyl salicylate",205
"A241168","Benzyl salicylate",339
"A241170","Benzyl salicylate",31.6
"A241173","Benzyl salicylate",61.6
"A241177","Benzyl salicylate",7.52
"A241181","Benzyl salicylate",3980
"A241182","Benzyl salicylate",1920
"A241186","Benzyl salicylate",107
"A241188","Benzyl salicylate",677
"A241191","Benzyl salicylate",361
"A241192","Benzyl salicylate",14.3
"A241194","Benzyl salicylate",849
"A241196","Benzyl salicylate",1200
"A241198","Benzyl salicylate",1060
"A241201","Benzyl salicylate",967
"A241203","Benzyl salicylate",95.9
"A241207","Benzyl salicylate",361
"A241209","Benzyl salicylate",180
"A241213","Benzyl salicylate",2080
"A241215","Benzyl salicylate",4720
"A241217","Benzyl salicylate",1220
"A241219","Benzyl salicylate",19.3
"A241221","Benzyl salicylate",16.4
"A241222","Benzyl salicylate",47.2
"A241224","Benzyl salicylate",80.2
"A241229","Benzyl salicylate",239
"A241230","Benzyl salicylate",160
"A241232","Benzyl salicylate",271
"A241235","Benzyl salicylate",3220
"A241236","Benzyl salicylate",301
"A241238","Benzyl salicylate",923
"A241242","Benzyl salicylate",152
"A241245","Benzyl salicylate",77.7
"A241246","Benzyl salicylate",17.2
"A241248","Benzyl salicylate",263
"A241256","Benzyl salicylate",96.7
"A241259","Benzyl salicylate",948
"A241260","Benzyl salicylate",309
"A241263","Benzyl salicylate",11300
"A241264","Benzyl salicylate",170
"A241266","Benzyl salicylate",397
"A241269","Benzyl salicylate",193
"A241270","Benzyl salicylate",18.3
"A241273","Benzyl salicylate",86.5
"A241188","Hydroxy-citronellal",35.2
"A241140","Cinnamal",31.6
"A241155","Cinnamal",22.1
"A241191","Cinnamal",24.8
"A241196","Cinnamal",17.2
"A241209","Cinnamal",27.8
"A241144","Lilial",488
"A241156","Lilial",106
"A241161","Lilial",146
"A241163","Lilial",19.5
"A241164","Lilial",63.8
"A241166","Lilial",205
"A241181","Lilial",89.2
"A241182","Lilial",157
"A241184","Lilial",13.3
"A241191","Lilial",33.9
"A241194","Lilial",50.9
"A241198","Lilial",45.1
"A241201","Lilial",424
"A241207","Lilial",57.8
"A241209","Lilial",29.4
"A241213","Lilial",60.9
"A241215","Lilial",226
"A241217","Lilial",245
"A241229","Lilial",156
"A241232","Lilial",83.5
"A241242","Lilial",29.1
"A241248","Lilial",34.6
"A241259","Lilial",60.7
"A241263","Lilial",175
"A241264","Lilial",45.8
"A241269","Lilial",53.5
"A241273","Lilial",205
"A241191","Butylated hydroxytoluene",293
"A241196","Butylated hydroxytoluene",46.3
"A241209","BisphenolÂ AF",40.9
"A241133","2,4-Bis(alpha,alpha-dimethylbenzyl)phenol",45.1
"A241134","2,4-Bis(alpha,alpha-dimethylbenzyl)phenol",8.08
"A241139","2,4-Bis(alpha,alpha-dimethylbenzyl)phenol",8.99
"A241151","2,4-Bis(alpha,alpha-dimethylbenzyl)phenol",63.9
"A241153","2,4-Bis(alpha,alpha-dimethylbenzyl)phenol",6.85
"A241155","2,4-Bis(alpha,alpha-dimethylbenzyl)phenol",15.5
"A241156","2,4-Bis(alpha,alpha-dimethylbenzyl)phenol",15.6
"A241168","2,4-Bis(alpha,alpha-dimethylbenzyl)phenol",40.6
"A241177","2,4-Bis(alpha,alpha-dimethylbenzyl)phenol",5.64
"A241179","2,4-Bis(alpha,alpha-dimethylbenzyl)phenol",9.26
"A241188","2,4-Bis(alpha,alpha-dimethylbenzyl)phenol",11.7
"A241192","2,4-Bis(alpha,alpha-dimethylbenzyl)phenol",14.6
"A241198","2,4-Bis(alpha,alpha-dimethylbenzyl)phenol",18.7
"A241201","2,4-Bis(alpha,alpha-dimethylbenzyl)phenol",11.2
"A241211","2,4-Bis(alpha,alpha-dimethylbenzyl)phenol",11.6
"A241221","2,4-Bis(alpha,alpha-dimethylbenzyl)phenol",7.52
"A241226","2,4-Bis(alpha,alpha-dimethylbenzyl)phenol",10.6
"A241229","2,4-Bis(alpha,alpha-dimethylbenzyl)phenol",18.9
"A241236","2,4-Bis(alpha,alpha-dimethylbenzyl)phenol",23.6
"A241245","2,4-Bis(alpha,alpha-dimethylbenzyl)phenol",4.98
"A241263","2,4-Bis(alpha,alpha-dimethylbenzyl)phenol",107
"A241264","2,4-Bis(alpha,alpha-dimethylbenzyl)phenol",42.4
"A241270","2,4-Bis(alpha,alpha-dimethylbenzyl)phenol",21.9
"A241273","2,4-Bis(alpha,alpha-dimethylbenzyl)phenol",11.7
"A241133","2,4-Di-tert-butylphenol",76.7
"A241134","2,4-Di-tert-butylphenol",56.9
"A241137","2,4-Di-tert-butylphenol",133
"A241139","2,4-Di-tert-butylphenol",96.1
"A241140","2,4-Di-tert-butylphenol",176
"A241142","2,4-Di-tert-butylphenol",97.3
"A241144","2,4-Di-tert-butylphenol",110
"A241147","2,4-Di-tert-butylphenol",92.8
"A241149","2,4-Di-tert-butylphenol",44.1
"A241153","2,4-Di-tert-butylphenol",24.1
"A241155","2,4-Di-tert-butylphenol",122
"A241156","2,4-Di-tert-butylphenol",108
"A241161","2,4-Di-tert-butylphenol",2.07
"A241163","2,4-Di-tert-butylphenol",31.7
"A241164","2,4-Di-tert-butylphenol",43.1
"A241168","2,4-Di-tert-butylphenol",90.3
"A241170","2,4-Di-tert-butylphenol",7.37
"A241173","2,4-Di-tert-butylphenol",98.5
"A241175","2,4-Di-tert-butylphenol",176
"A241177","2,4-Di-tert-butylphenol",27.8
"A241179","2,4-Di-tert-butylphenol",75.2
"A241181","2,4-Di-tert-butylphenol",135
"A241182","2,4-Di-tert-butylphenol",150
"A241184","2,4-Di-tert-butylphenol",65.3
"A241186","2,4-Di-tert-butylphenol",91.9
"A241188","2,4-Di-tert-butylphenol",14.4
"A241191","2,4-Di-tert-butylphenol",0.45
"A241192","2,4-Di-tert-butylphenol",65
"A241194","2,4-Di-tert-butylphenol",32.2
"A241196","2,4-Di-tert-butylphenol",139
"A241198","2,4-Di-tert-butylphenol",20.3
"A241201","2,4-Di-tert-butylphenol",45.8
"A241203","2,4-Di-tert-butylphenol",14.2
"A241205","2,4-Di-tert-butylphenol",18.9
"A241207","2,4-Di-tert-butylphenol",12.3
"A241209","2,4-Di-tert-butylphenol",45.8
"A241211","2,4-Di-tert-butylphenol",36
"A241213","2,4-Di-tert-butylphenol",70
"A241215","2,4-Di-tert-butylphenol",57.5
"A241217","2,4-Di-tert-butylphenol",64.7
"A241219","2,4-Di-tert-butylphenol",125
"A241221","2,4-Di-tert-butylphenol",55.3
"A241222","2,4-Di-tert-butylphenol",42
"A241224","2,4-Di-tert-butylphenol",4.91
"A241229","2,4-Di-tert-butylphenol",0.65
"A241230","2,4-Di-tert-butylphenol",27.7
"A241232","2,4-Di-tert-butylphenol",142
"A241235","2,4-Di-tert-butylphenol",32.2
"A241236","2,4-Di-tert-butylphenol",9.46
"A241238","2,4-Di-tert-butylphenol",41
"A241241","2,4-Di-tert-butylphenol",5.76
"A241242","2,4-Di-tert-butylphenol",4.29
"A241245","2,4-Di-tert-butylphenol",8.5
"A241246","2,4-Di-tert-butylphenol",76.5
"A241248","2,4-Di-tert-butylphenol",16.6
"A241250","2,4-Di-tert-butylphenol",14.8
"A241253","2,4-Di-tert-butylphenol",21.2
"A241254","2,4-Di-tert-butylphenol",43.9
"A241256","2,4-Di-tert-butylphenol",20.5
"A241259","2,4-Di-tert-butylphenol",75.9
"A241260","2,4-Di-tert-butylphenol",34.8
"A241263","2,4-Di-tert-butylphenol",22.3
"A241264","2,4-Di-tert-butylphenol",22.1
"A241269","2,4-Di-tert-butylphenol",4.31
"A241266","2-Isopropylphenol",83.1
"A241191","4-Chloro-3,5-dimethylphenol",29.3
"A241203","4-Chloro-3,5-dimethylphenol",156
"A241235","4-Chloro-3,5-dimethylphenol",22.6
"A241238","4-Chloro-3,5-dimethylphenol",51.3
"A241213","4-Methoxyphenol",38.4
"A241263","4-Methoxyphenol",31.8
"A241137","4-Tert-butylphenol",63.2
"A241184","4-Tert-butylphenol",465
"A241213","4-Tert-butylphenol",767
"A241263","4-Tert-butylphenol",572
"A241134","Benzothiazole",42.2
"A241137","Benzothiazole",40.6
"A241139","Benzothiazole",56.4
"A241142","Benzothiazole",69.7
"A241147","Benzothiazole",40.2
"A241149","Benzothiazole",50.4
"A241153","Benzothiazole",20.4
"A241155","Benzothiazole",108
"A241156","Benzothiazole",519
"A241158","Benzothiazole",91.9
"A241164","Benzothiazole",39.6
"A241166","Benzothiazole",45.1
"A241168","Benzothiazole",124
"A241170","Benzothiazole",15
"A241173","Benzothiazole",92.3
"A241177","Benzothiazole",19.6
"A241179","Benzothiazole",25.1
"A241181","Benzothiazole",30.4
"A241191","Benzothiazole",49.7
"A241192","Benzothiazole",66.8
"A241196","Benzothiazole",94.5
"A241198","Benzothiazole",97.1
"A241201","Benzothiazole",30.6
"A241207","Benzothiazole",47
"A241211","Benzothiazole",52.3
"A241219","Benzothiazole",57.9
"A241221","Benzothiazole",70.8
"A241229","Benzothiazole",217
"A241232","Benzothiazole",31.6
"A241246","Benzothiazole",39.2
"A241248","Benzothiazole",45.7
"A241250","Benzothiazole",79
"A241253","Benzothiazole",77.2
"A241256","Benzothiazole",22
"A241264","Benzothiazole",102
"A241266","Benzothiazole",54.2
"A241270","Benzothiazole",72.2
"A241156","2-Benzothiazolyl sulfide",65.5
"A241238","Citral B",328
"A241133","Di-n-butyl phthalate",429
"A241134","Di-n-butyl phthalate",661
"A241137","Di-n-butyl phthalate",451
"A241139","Di-n-butyl phthalate",155
"A241140","Di-n-butyl phthalate",677
"A241142","Di-n-butyl phthalate",716
"A241144","Di-n-butyl phthalate",1810
"A241147","Di-n-butyl phthalate",309
"A241149","Di-n-butyl phthalate",555
"A241151","Di-n-butyl phthalate",360
"A241153","Di-n-butyl phthalate",315
"A241155","Di-n-butyl phthalate",1040
"A241156","Di-n-butyl phthalate",406
"A241158","Di-n-butyl phthalate",118
"A241161","Di-n-butyl phthalate",509
"A241163","Di-n-butyl phthalate",512
"A241164","Di-n-butyl phthalate",345
"A241166","Di-n-butyl phthalate",117
"A241168","Di-n-butyl phthalate",790
"A241170","Di-n-butyl phthalate",248
"A241173","Di-n-butyl phthalate",431
"A241175","Di-n-butyl phthalate",722
"A241177","Di-n-butyl phthalate",369
"A241179","Di-n-butyl phthalate",328
"A241181","Di-n-butyl phthalate",493
"A241182","Di-n-butyl phthalate",1460
"A241184","Di-n-butyl phthalate",808
"A241186","Di-n-butyl phthalate",2050
"A241188","Di-n-butyl phthalate",253
"A241191","Di-n-butyl phthalate",226
"A241192","Di-n-butyl phthalate",451
"A241194","Di-n-butyl phthalate",1020
"A241196","Di-n-butyl phthalate",2120
"A241198","Di-n-butyl phthalate",745
"A241201","Di-n-butyl phthalate",1660
"A241203","Di-n-butyl phthalate",380
"A241205","Di-n-butyl phthalate",1010
"A241207","Di-n-butyl phthalate",614
"A241209","Di-n-butyl phthalate",7520
"A241211","Di-n-butyl phthalate",327
"A241213","Di-n-butyl phthalate",1580
"A241215","Di-n-butyl phthalate",513
"A241217","Di-n-butyl phthalate",1220
"A241219","Di-n-butyl phthalate",1020
"A241221","Di-n-butyl phthalate",288
"A241222","Di-n-butyl phthalate",227
"A241224","Di-n-butyl phthalate",638
"A241226","Di-n-butyl phthalate",24.8
"A241229","Di-n-butyl phthalate",760
"A241230","Di-n-butyl phthalate",1370
"A241232","Di-n-butyl phthalate",993
"A241235","Di-n-butyl phthalate",758
"A241236","Di-n-butyl phthalate",709
"A241238","Di-n-butyl phthalate",199
"A241241","Di-n-butyl phthalate",599
"A241242","Di-n-butyl phthalate",914
"A241245","Di-n-butyl phthalate",337
"A241246","Di-n-butyl phthalate",298
"A241248","Di-n-butyl phthalate",457
"A241250","Di-n-butyl phthalate",564
"A241253","Di-n-butyl phthalate",926
"A241254","Di-n-butyl phthalate",360
"A241256","Di-n-butyl phthalate",308
"A241259","Di-n-butyl phthalate",1210
"A241260","Di-n-butyl phthalate",340
"A241263","Di-n-butyl phthalate",2860
"A241264","Di-n-butyl phthalate",1700
"A241266","Di-n-butyl phthalate",506
"A241269","Di-n-butyl phthalate",238
"A241270","Di-n-butyl phthalate",677
"A241273","Di-n-butyl phthalate",469
"A241273","Di-n-octyl phthalate",1760
"A241133","Diethyl phthalate",167
"A241134","Diethyl phthalate",202
"A241137","Diethyl phthalate",58.7
"A241139","Diethyl phthalate",136
"A241140","Diethyl phthalate",4510
"A241142","Diethyl phthalate",160
"A241144","Diethyl phthalate",560
"A241147","Diethyl phthalate",94.3
"A241149","Diethyl phthalate",79.4
"A241151","Diethyl phthalate",360
"A241153","Diethyl phthalate",73.1
"A241155","Diethyl phthalate",288
"A241156","Diethyl phthalate",993
"A241158","Diethyl phthalate",2600
"A241161","Diethyl phthalate",604
"A241163","Diethyl phthalate",268
"A241164","Diethyl phthalate",1520
"A241166","Diethyl phthalate",63.6
"A241168","Diethyl phthalate",99.3
"A241170","Diethyl phthalate",27.8
"A241173","Diethyl phthalate",390
"A241175","Diethyl phthalate",129
"A241177","Diethyl phthalate",64.7
"A241179","Diethyl phthalate",100
"A241181","Diethyl phthalate",228
"A241182","Diethyl phthalate",188
"A241184","Diethyl phthalate",221
"A241186","Diethyl phthalate",293
"A241188","Diethyl phthalate",117
"A241191","Diethyl phthalate",187
"A241192","Diethyl phthalate",271
"A241194","Diethyl phthalate",146
"A241196","Diethyl phthalate",347
"A241198","Diethyl phthalate",767
"A241201","Diethyl phthalate",713
"A241203","Diethyl phthalate",116
"A241205","Diethyl phthalate",216
"A241207","Diethyl phthalate",181
"A241209","Diethyl phthalate",360
"A241211","Diethyl phthalate",116
"A241213","Diethyl phthalate",745
"A241215","Diethyl phthalate",69.8
"A241217","Diethyl phthalate",150
"A241219","Diethyl phthalate",270
"A241221","Diethyl phthalate",102
"A241222","Diethyl phthalate",192
"A241224","Diethyl phthalate",180
"A241229","Diethyl phthalate",738
"A241230","Diethyl phthalate",475
"A241232","Diethyl phthalate",271
"A241235","Diethyl phthalate",339
"A241236","Diethyl phthalate",88.1
"A241238","Diethyl phthalate",84.1
"A241242","Diethyl phthalate",55.4
"A241245","Diethyl phthalate",220
"A241246","Diethyl phthalate",179
"A241248","Diethyl phthalate",126
"A241250","Diethyl phthalate",102
"A241253","Diethyl phthalate",540
"A241254","Diethyl phthalate",53.9
"A241256","Diethyl phthalate",264
"A241259","Diethyl phthalate",2660
"A241260","Diethyl phthalate",224
"A241263","Diethyl phthalate",98.6
"A241264","Diethyl phthalate",170
"A241266","Diethyl phthalate",235
"A241269","Diethyl phthalate",93.6
"A241270","Diethyl phthalate",153
"A241273","Diethyl phthalate",293
"A241194","Fluoranthene",10.4
"A241201","Fluoranthene",11.7
"A241235","Fluoranthene",2.1
"A241259","Fluoranthene",7.59
"A241137","Fluorene",4.97
"A241139","Fluorene",2.09
"A241194","Fluorene",9
"A241201","Fluorene",11.2
"A241235","Fluorene",9.84
"A241259","Fluorene",22.8
"A241273","Fluorene",4.4
"A241209","Gamma-Chlordane",16.4
"A241158","Naphthalene",11.8
"A241194","Naphthalene",16.6
"A241198","Naphthalene",16.9
"A241201","Naphthalene",14.4
"A241205","Naphthalene",9.06
"A241211","Naphthalene",12.3
"A241230","Naphthalene",49.5
"A241232","Naphthalene",54.2
"A241253","Naphthalene",10
"A241264","Naphthalene",187
"A241273","Naphthalene",5.28
"A241144","Phenanthrene",32.5
"A241164","Phenanthrene",29.3
"A241194","Phenanthrene",42.4
"A241230","Phenanthrene",15.4
"A241259","Phenanthrene",83.5
"A241144","Pyrene",14.1
"A241153","Pyrene",5.74
"A241235","Pyrene",10.3
"A241259","Pyrene",20.9
"A241260","Pyrene",19.3
"A241134","1-Methylnaphthalene",2.94
"A241139","1-Methylnaphthalene",4.18
"A241140","1-Methylnaphthalene",4.06
"A241144","1-Methylnaphthalene",3.61
"A241147","1-Methylnaphthalene",1.55
"A241151","1-Methylnaphthalene",6.79
"A241156","1-Methylnaphthalene",2.48
"A241158","1-Methylnaphthalene",5.99
"A241164","1-Methylnaphthalene",2.24
"A241168","1-Methylnaphthalene",4.51
"A241179","1-Methylnaphthalene",1.93
"A241181","1-Methylnaphthalene",2.28
"A241182","1-Methylnaphthalene",2.93
"A241188","1-Methylnaphthalene",0.9
"A241191","1-Methylnaphthalene",4.29
"A241194","1-Methylnaphthalene",10.9
"A241196","1-Methylnaphthalene",5.4
"A241198","1-Methylnaphthalene",4.74
"A241201","1-Methylnaphthalene",9.17
"A241205","1-Methylnaphthalene",1.89
"A241207","1-Methylnaphthalene",1.63
"A241211","1-Methylnaphthalene",3.6
"A241213","1-Methylnaphthalene",9.03
"A241217","1-Methylnaphthalene",2.27
"A241219","1-Methylnaphthalene",2.7
"A241221","1-Methylnaphthalene",2.66
"A241226","1-Methylnaphthalene",3.39
"A241229","1-Methylnaphthalene",3.69
"A241230","1-Methylnaphthalene",2.77
"A241232","1-Methylnaphthalene",2.03
"A241235","1-Methylnaphthalene",7.58
"A241245","1-Methylnaphthalene",1.32
"A241246","1-Methylnaphthalene",1.31
"A241250","1-Methylnaphthalene",3.06
"A241253","1-Methylnaphthalene",3.09
"A241256","1-Methylnaphthalene",1.61
"A241259","1-Methylnaphthalene",8.92
"A241266","1-Methylnaphthalene",2.53
"A241270","1-Methylnaphthalene",4.74
"A241273","1-Methylnaphthalene",3.66
"A241144","Dimethyl phthalate",57.8
"A241147","Dimethyl phthalate",57.2
"A241155","Dimethyl phthalate",124
"A241158","Dimethyl phthalate",42
"A241168","Dimethyl phthalate",60.9
"A241196","Dimethyl phthalate",174
"A241219","Dimethyl phthalate",79.1
"A241230","Dimethyl phthalate",7.92
"A241250","Dimethyl phthalate",113
"A241253","Dimethyl phthalate",38.6
"A241260","Dimethyl phthalate",77.3
"A241264","Dimethyl phthalate",50.9
"A241270","Dimethyl phthalate",36.1
"A241142","Permethrin",42.2
"A241144","Permethrin",50.6
"A241149","Permethrin",139
"A241155","Permethrin",28.8
"A241186","Permethrin",28.3
"A241188","Permethrin",89.4
"A241205","Permethrin",134
"A241209","Permethrin",589
"A241211","Permethrin",45.8
"A241215","Permethrin",71.8
"A241229","Permethrin",28.2
"A241232","Permethrin",135
"A241246","Permethrin",29.8
"A241250","Permethrin",62.9
